filename	size_bytes	md5
biomarkers-30780-both_sexes-irnt.tsv.bgz	2287194146	c25276f209b3841c5ab73e711c66d20f
continuous-21001-both_sexes-irnt.tsv.bgz	2258016951	ca9ceaa99c79d510fb0e26a780787416
continuous-4080-both_sexes-irnt.tsv.bgz	2286188346	5ea34de716da95971da0a797b47ce721
continuous-50-both_sexes-irnt.tsv.bgz	2048283490	d883d1ec0840c3fec63457648ef0cb2f
icd10-C50-both_sexes.tsv.bgz	1835310732	8c62e9350043c2215998f285fe2628a9
icd10-E11-both_sexes.tsv.bgz	2467220673	cd2d059ee20ec1358cee087f84ebd4df
icd10-F32-both_sexes.tsv.bgz	2160053302	869c7f5c85bff350acc2524b64f9257b
icd10-I25-both_sexes.tsv.bgz	2659255597	6d2c168640a02b336ecf19358021b3ad
icd10-J45-both_sexes.tsv.bgz	2682977490	93ef78eae918ef0d26ddb4f44f2f6c4b
